nombre,categoria,precio,datetime
Turmalina,Piedra pre...,29003,2021/07/13 16:40:41
Ugah,Idolo,27811,2021/07/13 16:40:42
Uña de cabalgador de kame,Hueso,90,2021/07/13 16:40:42
Vela de minero oscuro.,Recurso,93,2021/07/13 16:40:43
Veneno de culebron,Liquido,207,2021/07/13 16:40:43
visceras de Escarajefe Dc ...,Recurso,3.690,2021/07/13 16:40:44
visceras de escarahoja,Recurso,455,2021/07/13 16:40:44
Volva de amenita,Hongo,37,2021/07/13 16:40:45
Yema de huevo de casce ...,Huevo,4201,2021/07/13 16:40:45
Yochi,Idolo,56074,2021/07/13 16:40:46
Yochi menor,Idolo,30090,2021/07/13 16:40:46
Zafiro,Piedra pre ...,29198,2021/07/13 16:40:47
Zanahowia,Legumbre,1903,2021/07/13 16:40:47
Zumo de stropajo,Liquido,3831,2021/07/13 16:40:47
Alas de escarahoja blanco,Ala,304,2021/07/13 16:40:48
Alas de escarahoja negro,Ala,800,2021/07/13 16:40:48
Alas de escarahoja rojo,Ala,150,2021/07/13 16:40:49
Alas de escarahoja verde,Ala,147,2021/07/13 16:40:49
Alas rotas,Ala,11,2021/07/13 16:40:50
Aletas de competicion,Recurso,139,2021/07/13 16:40:50
Algodon ancestral,Recurso,588,2021/07/13 16:40:51
,Recurso,31653,2021/07/13 16:40:51
Alubias,Semilla,201,2021/07/13 16:40:52
Aluminita,Aleacion,614,2021/07/13 16:40:52
Ambar,Piedra pre ...,,2021/07/13 16:40:52
Ambar de abraknido,Piedra pre ...,106,2021/07/13 16:40:53
Antenas de Escarajefe Dc ...,Recurso,514,2021/07/13 16:40:53
Antenas de escarahoja azul,Recurso,15,2021/07/13 16:40:54
Antenas de escarahoja bl ...,Recurso,29,2021/07/13 16:40:54
Antenas de escarahoja nt ...,Recurso,400,2021/07/13 16:40:55
Antenas de escarahoja rojo,Recurso,63,2021/07/13 16:40:55
Antenas de escarahoja ve ...,Recurso,70,2021/07/13 16:40:55
Antenas de vilinsekto,Recurso,,2021/07/13 16:40:56
Arakna Mayor Muerta,Recurso,441,2021/07/13 16:40:56
Ardilla de las nieves viva,Recurso,13838,2021/07/13 16:40:57
Artefacto pandawushu de ..,Piedra pre ...,254,2021/07/13 16:40:57
Artefacto pandawushu de ..,Piedra pre ...,202,2021/07/13 16:40:58
Artefacto pandawushu de ..,Piedra pre ...,1182,2021/07/13 16:40:58
Artefacto pandawushu de ..,Piedra pre ...,626,2021/07/13 16:40:58
Avellana,Semilla,78,2021/07/13 16:40:59
Avena,Cereal,,2021/07/13 16:40:59
Avena aurifera,Cereal,6819,2021/07/13 16:41:00
Avetoro menor,Idolo,11169,2021/07/13 16:41:00
Baba de jalato,Liquido,,2021/07/13 16:41:01
Baba de rosa demoniaca,Liquido,3806,2021/07/13 16:41:01
Bamga,Pescado,,2021/07/13 16:41:01
Bamga horror,Pescado,144221,2021/07/13 16:41:02
Bananaranja,Fruta,856,2021/07/13 16:41:02
Bejerit,Idolo,47934,2021/07/13 16:41:03
Bejerit menor,Idolo,5557,2021/07/13 16:41:03
Bellota,Semilla,60,2021/07/13 16:41:04
Bellota de Peazo Beyota,Semilla,67776,2021/07/13 16:41:04
Berenjena,Fruta,87,2021/07/13 16:41:04
Bigotes de pekewabbit,Pelo,107,2021/07/13 16:41:05
Billete para ir al islote Est ...,Recurso,1959,2021/07/13 16:41:05
Billete para la  sla de Moon,Recurso,882,2021/07/13 16:41:06
Bisagra rota,Recurso,287,2021/07/13 16:41:06
Blop Muerto,Recurso,677,2021/07/13 16:41:07
Boble menor,Idolo,3.952,2021/07/13 16:41:07
Bocal,,431,2021/07/13 16:41:08
Bol,Recurso,386,2021/07/13 16:41:08
Bola de kanibola,Recurso,186,2021/07/13 16:41:09
Bola de nieve de la Feria ...,Recurso,428,2021/07/13 16:41:09
Bolsa sospechosa,Recurso,23,2021/07/13 16:41:09
Boostoplasma,Recurso,619,2021/07/13 16:41:10
Braga de Tortacia,Ropaje,112520,2021/07/13 16:41:10
Bronce,Mineral,37,2021/07/13 16:41:11
Bronceador,Recurso,286,2021/07/13 16:41:11
Brote de abraknido,Brote,,2021/07/13 16:41:12
Bulbo de kuracao,Planta,98,2021/07/13 16:41:12
Bulbo de malibut,Planta,,2021/07/13 16:41:12
Bulbo de mohito,Planta,228,2021/07/13 16:41:13
Bulbo de passaoh,Planta,133,2021/07/13 16:41:13
Cabellera de bwork arquero,Recurso,1331,2021/07/13 16:41:14
Cabellera de minilubo,Recurso,211,2021/07/13 16:41:14
Cabeza de martillo de jade,Recurso,166,2021/07/13 16:41:15
Cacho de blop coco,Recurso,342,2021/07/13 16:41:15
Cacho de blop guinda,Recurso,434,2021/07/13 16:41:15
Cacho de blop indigo,Recurso,376,2021/07/13 16:41:16
Cacho de blop reineta,Recurso,485,2021/07/13 16:41:16
Cadena de robot mangual,Recurso,737,2021/07/13 16:41:17
Cadena de uginak,Recurso,161,2021/07/13 16:41:17
Cadenas rotas,Recurso,159,2021/07/13 16:41:18
Calabacita,Fruta,1755,2021/07/13 16:41:18
Calabaza,Legumbre,540,2021/07/13 16:41:18
Calzoncillo ajustado de c ...,Ropaje,350,2021/07/13 16:41:19
Calzoncillo de Duendebre,Nawidad,1295,2021/07/13 16:41:19
Calzoncillo de cuero de c ...,Ropaje,581,2021/07/13 16:41:20
Calzoncillo de cuero de c ...,Ropaje,834,2021/07/13 16:41:20
Calzoncillo de cuero de p ...,Ropaje,81,2021/07/13 16:41:21
Calzoncillos de bwork arq ...,Ropaje,iL,2021/07/13 16:41:21
Campanillas,Flor,3638,2021/07/13 16:41:22
Cangrejo surimi,Pescado,iL,2021/07/13 16:41:22
Cangrejo surimi exotico,Pescado,6899,2021/07/13 16:41:22
Caparazon amarillo,Caparazon,299,2021/07/13 16:41:23
Caparazon azul,Caparazon,635,2021/07/13 16:41:23
Caparazon de Escarajefe ...,Caparazon,1415,2021/07/13 16:41:24
Caparazon de cangrejo,Caparazon,138,2021/07/13 16:41:24
Caparazon de escaraho,Caparazon,165,2021/07/13 16:41:25
Caparazon de escarahoje ...,Caparazon,23,2021/07/13 16:41:25
Caparazon de escarahoje ...,Caparazon,1117,2021/07/13 16:41:25
Caparazon de escaraho,Caparazon,23,2021/07/13 16:41:26
Caparazon de escarahoje ...,Caparazon,102,2021/07/13 16:41:26
Caparazon rojo,Caparazon,953,2021/07/13 16:41:27
Caparazon verde,Caparazon,128,2021/07/13 16:41:27
Capsula explosiva,Recurso,41,2021/07/13 16:41:28
Capullo de gusano de seda,Recurso,1850,2021/07/13 16:41:28
Caracola marina,Recurso,226,2021/07/13 16:41:28
Came adulterada,Carne,56,2021/07/13 16:41:29
Came corrompida,Carne,338,2021/07/13 16:41:29
Carne industrial,Carne,138,2021/07/13 16:41:30
Came intangible,Carne,114,2021/07/13 16:41:30
Came manida,Carne,49,2021/07/13 16:41:31
Came picada,Carne,142,2021/07/13 16:41:31
Carne tierna,Carne,125,2021/07/13 16:41:32
Carniflor,Flor,521,2021/07/13 16:41:32
Carpa de lem,Pescado,13,2021/07/13 16:41:32
Carpita de las arenas,Pescado,193426,2021/07/13 16:41:33
Cascabel,Recurso,2001,2021/07/13 16:41:33
Cascara de nuez,Fruta,950,2021/07/13 16:41:34
Casco dañado,Recurso,129,2021/07/13 16:41:34
Casco de chafer primitivo,Ropaje,25,2021/07/13 16:41:35
Casco de sherpoguiz,Ropaje,304,2021/07/13 16:41:35
Casco roto,Ropaje,37,2021/07/13 16:41:35
Casco roto de bwork,Ropaje,63,2021/07/13 16:41:36
Casco roto de chafer,Ropaje,2257,2021/07/13 16:41:36
Castaña de caju,Semilla,20,2021/07/13 16:41:37
Cebada,Cereal,,2021/07/13 16:41:37
Cebada azucarada,Cereal,16501,2021/07/13 16:41:38
Cebolla,Legumbre,39,2021/07/13 16:41:38
Ceja de moskito,Pelo,OL,2021/07/13 16:41:39
Cejas de tronkonido,Madera,212,2021/07/13 16:41:39
Cenizas eternas,Polvo,89,2021/07/13 16:41:39
Cenizas jovenes,Polvo,2358,2021/07/13 16:41:40
Cera de bali mejorada,Nawidad,17707,2021/07/13 16:41:40
Cereza,Fruta,,2021/07/13 16:41:41
Cerradura del cofre de lo ..,Recurso,355,2021/07/13 16:41:41
Champiñon Luidchi,Hongo,247,2021/07/13 16:41:42
Charco joven,Liquido,1639,2021/07/13 16:41:42
Chicha adulterada,Carne,25386,2021/07/13 16:41:42
Chicha corrompida,Carne,3270,2021/07/13 16:41:43
Chicha industrial,Carne,3623,2021/07/13 16:41:43
Chicha intangible,Carne,6231,2021/07/13 16:41:44
Chicha manida,Carne,2938,2021/07/13 16:41:44
Chicha tierna,Carne,7942,2021/07/13 16:41:45
Chiste duendesco,Nawidad,26,2021/07/13 16:41:45
Chwile,Legumbre,2033,2021/07/13 16:41:45
Cobre,Mineral,34,2021/07/13 16:41:46
Cofre maldito del Flib,Recurso,3644,2021/07/13 16:41:46
Cola de black wabbit,Cola,361,2021/07/13 16:41:47
Cola de boostacho prepu ...,Cola,725,2021/07/13 16:41:47
Cola de jabali de las llanuras,Cola,297,2021/07/13 16:41:48
Cola de miaufian,Cola,71,2021/07/13 16:41:48
Cola de prespic,Cola,41,2021/07/13 16:41:48
Cola de rata hyoactiva,Cola,285,2021/07/13 16:41:49
Colmillo de jabali,Hueso,161,2021/07/13 16:41:49
Colmillos de ratas,Hueso,1295,2021/07/13 16:41:50
Columna vertebral,Hueso,58,2021/07/13 16:41:50
Comba de Capitan Chafer,Recurso,105486,2021/07/13 16:41:51
Concentrado de boscaje,Concentrado,1153,2021/07/13 16:41:51
Concentrado de matorral,Concentrado,1034,2021/07/13 16:41:52
Concentrado de oquedal,Concentrado,1505,2021/07/13 16:41:52
Copia de la llave de la gu....,Llave,8517,2021/07/13 16:41:52
Copo de nieve,Nawidad,2.895,2021/07/13 16:41:53
Copo de nieve dorado,Nawidad,2533,2021/07/13 16:41:53
Coral desgastado,Piedra bruta,66,2021/07/13 16:41:54
Coral kuracao,Piedra bruta,6219,2021/07/13 16:41:54
Coral magistral,Piedra bruta,5287,2021/07/13 16:41:55
Coral malibut,Piedra bruta,190,2021/07/13 16:41:55
Coral mohito,Piedra bruta,461,2021/07/13 16:41:55
Coral passaoh,Piedra bruta,196,2021/07/13 16:41:56
Corazon de Brandon,Recurso,107,2021/07/13 16:41:56
Corazon de lodo de boo,Recurso,66,2021/07/13 16:41:57
Correa de cuero,Cuero,1693,2021/07/13 16:41:57
Corteza de abraknido,Corteza,149,2021/07/13 16:41:58
Costilas de puerkazo,Hueso,1118,2021/07/13 16:41:58
Costilletas de Rib,Hueso,,2021/07/13 16:41:59
Coxis Magistral,Hueso,130,2021/07/13 16:41:59
Coxis de coralador,Hueso,89,2021/07/13 16:41:59
Craneo de Chadalid,Hueso,53,2021/07/13 16:42:00
Craneo de chafer,Hueso,90,2021/07/13 16:42:00
Craneo de wabbit esqueleto,Hueso,963,2021/07/13 16:42:01
Crin de miserata strubiense,Pelo,,2021/07/13 16:42:01
Cristal,Piedra pre...,4015,2021/07/13 16:42:02
Croqueta,Recurso,1913,2021/07/13 16:42:02
Cubert menor,Idolo,23912,2021/07/13 16:42:02
Cuerda de escalada,Recurso,20861,2021/07/13 16:42:03
Cuerno de jalatin,Hueso,34,2021/07/13 16:42:03
Cuerno de jefe de querra ...,Hueso,828,2021/07/13 16:42:04
Cuero de Jalato Real,Cuero,138,2021/07/13 16:42:04
Cuero de boostacho pre  ...,Cuero,18,2021/07/13 16:42:05
Cuero de cochinillo,Cuero,224,2021/07/13 16:42:05
Cuero de gargrola,Cuero,45,2021/07/13 16:42:05
Cuero de jalato negro,Cuero,256,2021/07/13 16:42:06
Cuero de miserata strubi,Cuero,25,2021/07/13 16:42:06
Cuero de puerkazo,Cuero,1075,2021/07/13 16:42:07
Cuero de stropajo,Cuero,39,2021/07/13 16:42:07
Dagob menor,Idolo,18153,2021/07/13 16:42:08
Dentadura de chafer de elite,Hueso,311,2021/07/13 16:42:08
Dentadura de cofre equir ...,Hueso,671,2021/07/13 16:42:09
Diamante,Piedra pre ...,24873,2021/07/13 16:42:09
Diente de Shin Larva,Hueso,1704,2021/07/13 16:42:09
Diente de cocodrail,Hueso,1424,2021/07/13 16:42:10
Diente de garglifo,Hueso,143,2021/07/13 16:42:10
Diente de kame,Hueso,1114,2021/07/13 16:42:11
Diente de kwoan,Hueso,351,2021/07/13 16:42:11
Diente de larva campestre,Hueso,1805,2021/07/13 16:42:12
Diente de larva dorada,Hueso,5939,2021/07/13 16:42:12
Diente de larva esmeralda,Hueso,104,2021/07/13 16:42:13
Diente de larva rubi,Hueso,96,2021/07/13 16:42:13
Diente de larva zafiro.,Hueso,303,2021/07/13 16:42:13
Diente de tofu mutante,Hueso,164,2021/07/13 16:42:14
Diente de wabbit,Hueso,,2021/07/13 16:42:14
Diente de waddicto,Hueso,134,2021/07/13 16:42:15
Diente falso de Grozilla,Hueso,3169,2021/07/13 16:42:15
Diente puntiagudo,Hueso,68,2021/07/13 16:42:16
Dinamo,Idolo,24795,2021/07/13 16:42:16
Dinamo menor,Idolo,,2021/07/13 16:42:16
Dofus blanco,Recurso,5932,2021/07/13 16:42:17
Domo,Idolo,46145,2021/07/13 16:42:17
Domo menor,Idolo,5671,2021/07/13 16:42:18
Dosis de zumo sabroso,Recurso,10,2021/07/13 16:42:18
Ebonita,Aleacion,1059,2021/07/13 16:42:19
Ejercito de garrapatas,Recurso,3448,2021/07/13 16:42:19
Elixir de Brumen,Recurso,184435,2021/07/13 16:42:19
Enorme Plomo,,6936,2021/07/13 16:42:20
Envoltorio sospechoso,Recurso,107,2021/07/13 16:42:20
Escama de Grozilla,Piel,1170,2021/07/13 16:42:21
Escama de cocodrail,Piel,1381,2021/07/13 16:42:21
Escama pegajosa,Piel,,2021/07/13 16:42:22
Esencia de Batofu,Esencia de...,295,2021/07/13 16:42:22
Esencia de Blatarata,Esencia de...,4008,2021/07/13 16:42:22
Esencia de Boostacho,Esencia de...,5750,2021/07/13 16:42:23
Esencia de Bworka,Esencia de...,549,2021/07/13 16:42:23
Esencia de Chadalid,Esencia de...,580,2021/07/13 16:42:24
Esencia de Coralador Mat ...,Esencia de...,9100,2021/07/13 16:42:24
Esencia de Escarajefe Do,Esencia de...,4183,2021/07/13 16:42:25
Esencia de Girasol HambI ...,Esencia de...,2442,2021/07/13 16:42:25
Esencia de Jalato Real,Esencia de...,3305,2021/07/13 16:42:26
Esencia de Kwoknan,Esencia de...,3222,2021/07/13 16:42:26
Esencia de Mob Lasponja,Esencia de...,2042,2021/07/13 16:42:26
Esencia de Shin Larva,Esencia de...,7073,2021/07/13 16:42:27
Esencia de blop real,Esencia de...,8090,2021/07/13 16:42:27
Esencia de gelatina real,Esencia de...,7747,2021/07/13 16:42:28
Esencia de herreros,Esencia de...,841,2021/07/13 16:42:28
Esencia del chafer Ronin,Esencia de...,3452,2021/07/13 16:42:29
Esencia del kanibola Dald ..,Esencia de...,6994,2021/07/13 16:42:29
Esfera para metarias,,449,2021/07/13 16:42:29
Esmeralda,Piedra pre ...,3979,2021/07/13 16:42:30
Especias,Recurso,194,2021/07/13 16:42:30
Espejo dopeul,Recurso,208,2021/07/13 16:42:31
Espina de champi champ,Hongo,144,2021/07/13 16:42:31
Esporma de champi champ,Hongo,392,2021/07/13 16:42:32
Esquema de la pinza par  ...,Recurso,36095,2021/07/13 16:42:32
Esquirla del Zahowi,Recurso,35,2021/07/13 16:42:32
Estomago de stropajo,Recurso,3316,2021/07/13 16:42:33
Estomago de tofu gordin ...,Recurso,176,2021/07/13 16:42:33
Estomago de tofukaz,Recurso,479,2021/07/13 16:42:34
Estomago de wabbit wodo,Recurso,108,2021/07/13 16:42:34
Femur de chafer arquero,Hueso,76,2021/07/13 16:42:35
Femur del chafer Ronin,Hueso,598,2021/07/13 16:42:35
Feromona de tofu,Polvo,7393,2021/07/13 16:42:36
Ferrita,Aleacion,21,2021/07/13 16:42:36
Flecha de chafer arquero,Recurso,iL,2021/07/13 16:42:36
Flor de Blop Coco Real,Flor,1452,2021/07/13 16:42:37
Flor de Blop Guinda Real,Flor,2457,2021/07/13 16:42:37
Flor de Blop Indigo Real,Flor,5061,2021/07/13 16:42:38
Flor de Blop Reineta Real,Flor,3460,2021/07/13 16:42:38
Flor de blop coco,Flor,172,2021/07/13 16:42:39
Flor de blop guinda,Flor,161,2021/07/13 16:42:39
Flor de blop indigo,Flor,207,2021/07/13 16:42:39
Flor de blop reineta,Flor,106,2021/07/13 16:42:40
Flor de blopiseta,Flor,145,2021/07/13 16:42:40
Flor de bloponcio,Flor,110,2021/07/13 16:42:41
Flor de kalipto,Flor,62,2021/07/13 16:42:41
Flor del diente de leon di ..,Flor,196,2021/07/13 16:42:42
Fluido glacial,Liquido,293,2021/07/13 16:42:42
Fragmento de hueso,Hueso,544,2021/07/13 16:42:43
Fragmento del mapa de |...,Fragmentt...,41262,2021/07/13 16:42:43
Fragmento del mapa de |...,Fragmentc,35388,2021/07/13 16:42:43
Fragmento del mapa de |...,Fragmente...,33353,2021/07/13 16:42:44
Fragmento del mapa de |...,Fragmentt...,43922,2021/07/13 16:42:44
Fragmento del mapa de |...,Fragmente,74983,2021/07/13 16:42:45
Fragmento del mapa de ...,Fragmente...,41241,2021/07/13 16:42:45
Fragmento del mapa de,Fragmentt...,21033,2021/07/13 16:42:46
Fragmento del mapa de ...,Fragmentc,31425,2021/07/13 16:42:46
Frambuesa,Fruta,64403,2021/07/13 16:42:46
Frasco de Gelatina Real Azu,Gelatina,1645,2021/07/13 16:42:47
Frasco de Gelatina Real   ...,Gelatina,2966,2021/07/13 16:42:47
Frasco de Gelatina Real   ...,Gelatina,5342,2021/07/13 16:42:48
Frasco de Gelatina Real   ...,Gelatina,1251,2021/07/13 16:42:48
Frasco de gelatina azul,Gelatina,219,2021/07/13 16:42:49
Frasco de gelatina de fresa,Gelatina,336,2021/07/13 16:42:49
Frasco de gelatina de limon,Gelatina,136,2021/07/13 16:42:49
Frasco de gelatina de mente,Gelatina,128,2021/07/13 16:42:50
Frasco para elementos,Material di...,646,2021/07/13 16:42:50
Fresa,Fruta,147,2021/07/13 16:42:51
Fruta de palma,Fruta,164,2021/07/13 16:42:51
Fuego intemo,Recurso,92,2021/07/13 16:42:52
Garra de robionide,Recurso,1723,2021/07/13 16:42:52
Garras de kwak,Recurso,26,2021/07/13 16:42:52
Gelatina descongelada,Gelatina,914,2021/07/13 16:42:53
Gobio,Pescado,,2021/07/13 16:42:53
Gobio kesta,Pescado,55049,2021/07/13 16:42:54
Gran frasco.,Material di...,88,2021/07/13 16:42:54
Grasa gelatinosa,Recurso,22,2021/07/13 16:42:55
Gratrool industrial,Aceite,1043,2021/07/13 16:42:55
Guante de martoguiz,Ropaje,374,2021/07/13 16:42:55
Guijarro aureo,Guijarro,1325,2021/07/13 16:42:56
Guijarro carmesi,Guijarro,2502,2021/07/13 16:42:56
Guijarro de temporada,Guijarro,985,2021/07/13 16:42:57
Gusano de agua,Recurso,81,2021/07/13 16:42:57
Gusano de aire,Recurso,79,2021/07/13 16:42:58
Gusano de fuego,Recurso,128,2021/07/13 16:42:58
Gusano de tierra,Recurso,71,2021/07/13 16:42:58
Haiku de Pandala  Airedala,Haiku,489642,2021/07/13 16:42:59
Haiku de Pandala  Akwadala,Haiku,733768,2021/07/13 16:42:59
Haiku de Pandala  Fuego  ...,Haiku,467967,2021/07/13 16:43:00
Haiku de Pandala  Grobe,Haiku,529689,2021/07/13 16:43:00
Haiku de Pandala  Plantala,Haiku,315539,2021/07/13 16:43:01
Haiku de Pandala  Tierradal,Haiku,488891,2021/07/13 16:43:01
Haiku de los dos Reinos,Haiku,200382,2021/07/13 16:43:02
Haiku de los dos Reinos,Haiku,193469,2021/07/13 16:43:02
Haiku de los dos Reinos,Haiku,48000,2021/07/13 16:43:02
Haiku de los dos Reinos,Haiku,588966,2021/07/13 16:43:03
Haiku de los dos Reinos,Haiku,290072,2021/07/13 16:43:03
Haiku de los samurais  AF ...,Haiku,1500672,2021/07/13 16:43:04
Haiku de los samurais  Of...,Haiku,730863,2021/07/13 16:43:04
Haiku de los samurais  Pr ...,Haiku,787879,2021/07/13 16:43:05
Haiku de los samurais  Ve ...,Haiku,553578,2021/07/13 16:43:05
Haiku de papel  Cerdo,Haiku,173751,2021/07/13 16:43:06
Haiku de papel  Chtigre,Haiku,90542,2021/07/13 16:43:06
Haiku de papel  Cigrulla,Haiku,122267,2021/07/13 16:43:06
Haiku de papel  Ranadina,Haiku,139672,2021/07/13 16:43:07
Haiku de tinta  Cuento,Haiku,168275,2021/07/13 16:43:07
Haiku de tinta  Ilusion,Haiku,187724,2021/07/13 16:43:08
Haiku de tinta  Invisible,Haiku,44453,2021/07/13 16:43:08
Haiku de tinta  Misterio,Haiku,183250,2021/07/13 16:43:09
Haiku de tinta  Sombra,Haiku,45874,2021/07/13 16:43:09
Haiku del dragon  Creacion,Haiku,886958,2021/07/13 16:43:09
Haiku del wukang  Blanco,Haiku,957077,2021/07/13 16:43:10
Haiku del wukang  Calor,Haiku,681863,2021/07/13 16:43:10
Haiku del wukang  Mañana,Haiku,485859,2021/07/13 16:43:11
Haiku del wukang  Sakura,Haiku,489848,2021/07/13 16:43:11
Haiku del wukin  Espanta ...,Haiku,478117,2021/07/13 16:43:12
Haiku del wukin  Frio,Haiku,494095,2021/07/13 16:43:12
Haiku del wukin  Negro,Haiku,494626,2021/07/13 16:43:12
Haiku del wukin  Sakura,Haiku,581744,2021/07/13 16:43:13
Haiku del wukin  Tarde,Haiku,491434,2021/07/13 16:43:13
Hierba loca,Planta,243,2021/07/13 16:43:14
Hierba para miaumiau,Planta,2990,2021/07/13 16:43:14
Hierro,Mineral,22,2021/07/13 16:43:15
Hilo de lino.,Recurso,238,2021/07/13 16:43:15
Hilo de seda,Recurso,176,2021/07/13 16:43:15
Hocico de jabali,Recurso,692,2021/07/13 16:43:16
Hocico de jabali de las lla ...,Recurso,595,2021/07/13 16:43:16
Hocico de rata brillante,Recurso,883,2021/07/13 16:43:17
Hoja de blop real,Planta,775,2021/07/13 16:43:17
Hoja de enchalada,Legumbre,147,2021/07/13 16:43:18
Hoja de fujibakama,Planta,11.024,2021/07/13 16:43:18
Hoja de girasol salvaje,Planta,545,2021/07/13 16:43:18
Hoja de kalipto,Planta,46,2021/07/13 16:43:19
Hoja de pekekoko,Planta,2378,2021/07/13 16:43:19
Hoja de rosa oscura,Planta,712,2021/07/13 16:43:20
Hombrera de bwork,Ropaje,,2021/07/13 16:43:20
Horizon menor,Idolo,7783,2021/07/13 16:43:21
Hormona de brakmakaro,Polvo,172998,2021/07/13 16:43:21
Hueso de black wabbit es ..,Hueso,947,2021/07/13 16:43:21
Hueso de chafer.,Hueso,102,2021/07/13 16:43:22
Hueso de cocodrail,Hueso,263,2021/07/13 16:43:22
Hueso de wabbit esqueleto,Hueso,2110,2021/07/13 16:43:23
Hueso invisible de chafer ...,Hueso,297,2021/07/13 16:43:23
Hueso sorpresa de chafel ...,Hueso,1320,2021/07/13 16:43:24
Huevo de tofu,Huevo,50,2021/07/13 16:43:24
Huevo podrido,Huevo,596,2021/07/13 16:43:24
Hulhu menor,Idolo,12783,2021/07/13 16:43:25
Humo joven,Recurso,935,2021/07/13 16:43:25
Insignia de maliciano,Recurso,45305,2021/07/13 16:43:26
Intestino de araknausea,Recurso,89,2021/07/13 16:43:26
Jugo de pescado abomin ...,Jugo de pt...,561191,2021/07/13 16:43:27
Jugo de pescado fetido,Jugo de Pt...,454,2021/07/13 16:43:27
Jugo de pescado pestilente,Jugo de pe...,866,2021/07/13 16:43:28
Jugo de pescado porcuno,Jugo de pt...,29,2021/07/13 16:43:28
Kamiam,Recurso,23,2021/07/13 16:43:28
Kobalto,Mineral,87,2021/07/13 16:43:29
Kokopaja,Recurso,33,2021/07/13 16:43:29
Kuakua falso,Recurso,1240,2021/07/13 16:43:30
Laminila de champo azul,Hongo,289,2021/07/13 16:43:30
Laminilla de champo mal...,Hongo,1545,2021/07/13 16:43:31
Laminila de champo rojo,Hongo,533,2021/07/13 16:43:31
Laminila de champo verde,Hongo,873,2021/07/13 16:43:31
Lana celeste,Lana,196,2021/07/13 16:43:32
Lana de Jalato Real,Lana,2656,2021/07/13 16:43:32
Lana de jalatin negro,Lana,83,2021/07/13 16:43:33
Lana de jalato,Lana,,2021/07/13 16:43:33
Lana de jefe de querra,Lana,,2021/07/13 16:43:34
Lana de raman strubiense,Lana,37,2021/07/13 16:43:34
Leche de cochinillo,Liquido,1296,2021/07/13 16:43:34
Leche de tortuga,Liquido,276,2021/07/13 16:43:35
Lengua de espanterrador,Planta,58,2021/07/13 16:43:35
Lengua de estrella,Recurso,86,2021/07/13 16:43:36
Lengua de gargrola,Recurso,105,2021/07/13 16:43:36
Lengua de pekewabbit,Recurso,192,2021/07/13 16:43:37
Levadura de panadero,Polvo,19,2021/07/13 16:43:37
Libro de bwork mago,Recurso,22,2021/07/13 16:43:37
Limon,Fruta,107,2021/07/13 16:43:38
Liquido vampiresco,Preparacion,130,2021/07/13 16:43:38
Llave de la Corte del Jala....,Llave,485,2021/07/13 16:43:39
Llave de la Fundicion de .,Llave,3887,2021/07/13 16:43:39
Llave de la Gruta GrutHe ...,Llave,1412,2021/07/13 16:43:40
Llave de la Mansion Enca ...,Llave,1891,2021/07/13 16:43:40
Llave de la Mazmorra de ...,Llave,721,2021/07/13 16:43:40
Llave de la Mazmorra de ...,Llave,683,2021/07/13 16:43:41
Llave de la Mazmorra de,Llave,252,2021/07/13 16:43:41
Llave de la Mazmorra de ...,Llave,1341,2021/07/13 16:43:42
Llave de la Mazmorra de ...,Llave,2289,2021/07/13 16:43:42
Llave de la Mazmorra de,Llave,637,2021/07/13 16:43:43
Llave de la Mazmorra de ...,Llave,498,2021/07/13 16:43:43
Llave de la cripta de Cha...,Llave,150,2021/07/13 16:43:44
Llave del Castillo de Arena,Llave,193,2021/07/13 16:43:44
Llave del Castillo del Wey ...,Llave,8756,2021/07/13 16:43:44
Llave del Enclave de los E....,Llave,2109,2021/07/13 16:43:45
Llave del Escondrijo de Bl...,Llave,1847,2021/07/13 16:43:45
Llave del Nido de Kwoknan,Llave,2316,2021/07/13 16:43:46
Llave del Pueblo Kanibola,Llave,4486,2021/07/13 16:43:46
Lodo de boo,Liquido,153,2021/07/13 16:43:47
Lodo joven,Liquido,52,2021/07/13 16:43:47
Lotachistoso de avellana ...,Lotachistoso,2130,2021/07/13 16:43:48
Lotachistoso de avellana,Lotachistoso,2300,2021/07/13 16:43:48
Lotachistoso de avellana ...,Lotachistoso,2.607,2021/07/13 16:43:49
Lotachistoso de avellana ...,Lotachistoso,3385,2021/07/13 16:43:49
Lotachistoso de avellana,Lotachistoso,3176,2021/07/13 16:43:49
Lotachistoso de avellana ...,Lotachistoso,3553,2021/07/13 16:43:50
Lotachistoso de avellana ...,Lotachistoso,1963,2021/07/13 16:43:50
Lotachistoso de avellana,Lotachistoso,2786,2021/07/13 16:43:51
Lotachistoso de caramelc ...,Lotachistoso,1779,2021/07/13 16:43:51
Lotachistoso de caramelc ...,Lotachistoso,1892,2021/07/13 16:43:52
Lotachistoso de caramelc ...,Lotachistoso,2322,2021/07/13 16:43:52
Lotachistoso de caramelc ...,Lotachistoso,3222,2021/07/13 16:43:53
Lotachistoso de caramelc ...,Lotachistoso,3390,2021/07/13 16:43:53
Lotachistoso de caramelc ...,Lotachistoso,2724,2021/07/13 16:43:53
Lotachistoso de caramelc ...,Lotachistoso,2734,2021/07/13 16:43:54
Lotachistoso de cola n.  1,Lotachistoso,2081,2021/07/13 16:43:54
Lotachistoso de cola n.  2,Lotachistoso,2434,2021/07/13 16:43:55
Lotachistoso de cola n.  3,Lotachistoso,1825,2021/07/13 16:43:55
Lotachistoso de cola n.  4,Lotachistoso,3072,2021/07/13 16:43:56
Lotachistoso de cola n.  5,Lotachistoso,3256,2021/07/13 16:43:56
Lotachistoso de cola n.  6,Lotachistoso,2213,2021/07/13 16:43:56
Lotachistoso de cola n.  7,Lotachistoso,3129,2021/07/13 16:43:57
Lotachistoso de cola n.  8,Lotachistoso,2561,2021/07/13 16:43:57
Lotachistoso de fresa n.  1,Lotachistoso,2813,2021/07/13 16:43:58
Lotachistoso de fresa n.  2,Lotachistoso,2543,2021/07/13 16:43:58
Lotachistoso de fresa n.  3,Lotachistoso,1862,2021/07/13 16:43:59
Lotachistoso de fresa n.  4,Lotachistoso,2730,2021/07/13 16:43:59
Lotachistoso de fresa n.  5,Lotachistoso,2632,2021/07/13 16:44:00
Lotachistoso de fresa n.  6,Lotachistoso,2825,2021/07/13 16:44:00
Lotachistoso de fresa n.  7,Lotachistoso,3228,2021/07/13 16:44:00
Lotachistoso de fresa n.  8,Lotachistoso,2010,2021/07/13 16:44:01
Lotachistoso de limon n.  1,Lotachistoso,2106,2021/07/13 16:44:01
Lotachistoso de limon n.  2,Lotachistoso,2931,2021/07/13 16:44:02
Lotachistoso de limon n.  3,Lotachistoso,2753,2021/07/13 16:44:02
Lotachistoso de limon n.  4,Lotachistoso,3637,2021/07/13 16:44:03
Lotachistoso de limon n.  5,Lotachistoso,2231,2021/07/13 16:44:03
Lotachistoso de limon n.  6,Lotachistoso,3460,2021/07/13 16:44:04
Lotachistoso de limon n.  7,Lotachistoso,3362,2021/07/13 16:44:04
Lotachistoso de limon n.  8,Lotachistoso,3555,2021/07/13 16:44:04
Lotachistoso de naranja 1 ...,Lotachistoso,2075,2021/07/13 16:44:05
Lotachistoso de naranja 1 ...,Lotachistoso,3248,2021/07/13 16:44:05
Lotachistoso de naranja 1 ...,Lotachistoso,3117,2021/07/13 16:44:06
Lotachistoso de naranja 1 ...,Lotachistoso,3437,2021/07/13 16:44:06
Lotachistoso de naranja 1 ...,Lotachistoso,1903,2021/07/13 16:44:07
Lotachistoso de naranja 1 ...,Lotachistoso,2643,2021/07/13 16:44:07
Lotachistoso de naranja 1 ...,Lotachistoso,2522,2021/07/13 16:44:08
Lotachistoso de naranja 1 ...,Lotachistoso,2729,2021/07/13 16:44:08
Lupulo,Cereal,,2021/07/13 16:44:08
Lupulo brillante,Cereal,7854,2021/07/13 16:44:09
Madera carcomida,Madera,993,2021/07/13 16:44:09
Madera de castaño.,Madera,,2021/07/13 16:44:10
Madera de fresno,Madera,19,2021/07/13 16:44:10
Madera de nogal,Madera,30,2021/07/13 16:44:11
Madera de roble,Madera,33,2021/07/13 16:44:11
Madera de tronkonido,Madera,1935,2021/07/13 16:44:11
Magnesita,Aleacion,1872,2021/07/13 16:44:12
Mandibula de Rib,Hueso,165,2021/07/13 16:44:12
Mandibula de chafer draugr,Hueso,206,2021/07/13 16:44:13
Mango de rascador,Recurso,140881,2021/07/13 16:44:13
Mangual de robot mangual,Recurso,668,2021/07/13 16:44:14
Mantillo,Recurso,,2021/07/13 16:44:14
Marca de novato,Piedra pre ...,19166,2021/07/13 16:44:14
Marfil,Hueso,467,2021/07/13 16:44:15
Mechon de pelo canoso,Pelo,500,2021/07/13 16:44:15
Medida de pimienta,Polvo,66,2021/07/13 16:44:16
Medida de sal,Polvo,130,2021/07/13 16:44:16
Menta religiosa,Planta,13803,2021/07/13 16:44:17
Menta salvaje,Planta,19,2021/07/13 16:44:17
Mermelada bollera,Gelatina,11,2021/07/13 16:44:17
Metaria amarilla,,13,2021/07/13 16:44:18
Metaria azul,,240,2021/07/13 16:44:18
Metaria maga amarilla,,71,2021/07/13 16:44:19
Metaria maga azul,,1414,2021/07/13 16:44:19
Metaria maga roja,,3527,2021/07/13 16:44:20
Metaria maga verde,,1875,2021/07/13 16:44:20
Metaria roja,,73,2021/07/13 16:44:20
Metaria triam amarilla,,937,2021/07/13 16:44:21
Metaria triam azul,,286,2021/07/13 16:44:21
Metaria triam roja,,1625,2021/07/13 16:44:22
Metaria triam verde,,808,2021/07/13 16:44:22
Metaria verde,,389,2021/07/13 16:44:23
Mineral extraño,Mineral,1761,2021/07/13 16:44:23
Mistetas Despedazado,Recurso,1904,2021/07/13 16:44:23
Mortaja,Tejido,1426,2021/07/13 16:44:24
Mostacho de Boostacho,Pelo,2169,2021/07/13 16:44:24
Mucosa de almejilon,Recurso,305,2021/07/13 16:44:25
Muñeca Bodu Cerbat,Recurso,285,2021/07/13 16:44:25
Muñeca Bodu Jav,Recurso,386,2021/07/13 16:44:26
Muñeca bodu Fipi,Recurso,208,2021/07/13 16:44:26
Muñeca bodu arquero,Recurso,978,2021/07/13 16:44:27
Muñeca bodu bortam,Recurso,7,2021/07/13 16:44:27
Murcielago,Recurso,445,2021/07/13 16:44:27
Muta,Idolo,36950,2021/07/13 16:44:28
Nacar,Piedra pre ...,26524,2021/07/13 16:44:28
Nacar en bruto,Piedra bruta,2248,2021/07/13 16:44:29
Nuez de gorkoko trauma  ...,Fruta,434,2021/07/13 16:44:29
Nuez de kokoko,Fruta,146,2021/07/13 16:44:30
Nuez de pacana,Semilla,31,2021/07/13 16:44:30
Nujo muerto,Recurso,1856,2021/07/13 16:44:30
Nyoro,Idolo,12240,2021/07/13 16:44:31
Nyoro menor,Idolo,4.299,2021/07/13 16:44:31
Ojo bionico,Ojo,87,2021/07/13 16:44:32
Ojo de abrakno,Ojo,2.856,2021/07/13 16:44:32
Ojo de arakmutada,Ojo,104,2021/07/13 16:44:32
Ojo de jalatin,Ojo,14,2021/07/13 16:44:33
Ojo de kwoan,Ojo,30,2021/07/13 16:44:33
Ojo de pinchoguiz,Ojo,29,2021/07/13 16:44:34
Ojo de raman strubiense,Ojo,56,2021/07/13 16:44:34
Ojo de raul mops,Ojo,,2021/07/13 16:44:35
Ojo de tofu negro,Ojo,180,2021/07/13 16:44:35
Oreja de awelito wabbit,Oreja,19,2021/07/13 16:44:35
Oreja de gremoguiz,Oreja,150,2021/07/13 16:44:36
Oreja de guerrero mental,Oreja,74,2021/07/13 16:44:36
Orejas de pekewabbit,Oreja,571,2021/07/13 16:44:37
Ortiga,Planta,10,2021/07/13 16:44:37
Ortiga arganta,Planta,8852,2021/07/13 16:44:38
Oso despedazado,Recurso,253,2021/07/13 16:44:38
Pajita vampiresca,Recurso,1249,2021/07/13 16:44:38
Paño del Wey Wabit,Tejido,2157,2021/07/13 16:44:39
Pañuelo de black pekew  ...,Ropaje,108,2021/07/13 16:44:39
Pañuelo de black wabbit ..,Ropaje,758,2021/07/13 16:44:40
Papel carbon,Recurso,1173,2021/07/13 16:44:40
Parpado de estrella,Recurso,809,2021/07/13 16:44:41
Partitura antigua,Recurso,466,2021/07/13 16:44:41
Pasamontañas del jefe k  ...,Ropaje,1989,2021/07/13 16:44:42
Pasta Plas Plum,Gelatina,263636,2021/07/13 16:44:42
Pata de Blatarata,Pata,793,2021/07/13 16:44:42
Pata de arakna,Pata,1063,2021/07/13 16:44:43
Pata de arakna de alcant ...,Pata,74,2021/07/13 16:44:43
Pata de arakna magica,Pata,300,2021/07/13 16:44:44
Pata de arakna mayor,Pata,23,2021/07/13 16:44:44
Pata de black wabbit,Pata,16,2021/07/13 16:44:45
Pata de pewsiwevo,Pata,82,2021/07/13 16:44:45
Pata de tofukaz,Pata,597,2021/07/13 16:44:45
Pata de wabbit,Pata,252,2021/07/13 16:44:46
Patata,Legumbre,278,2021/07/13 16:44:46
Patatas peladas,Legumbre,329,2021/07/13 16:44:47
Patron de duende,Nawidad,10000,2021/07/13 16:44:47
Pedazo de llave del Wabt...,Llave,444,2021/07/13 16:44:48
Pedazo de llave del Wabt,Llave,748,2021/07/13 16:44:48
Pedazo de llave del Wabt...,Llave,152,2021/07/13 16:44:48
Pelo de abrakno,Pelo,243,2021/07/13 16:44:49
Pelo de rata bontariana,Pelo,1391,2021/07/13 16:44:49
Pelo de rata brakmariana,Pelo,2617,2021/07/13 16:44:50
Pelo de rata de alcantarilla,Pelo,300,2021/07/13 16:44:50
Pelo de uginak,Pelo,65,2021/07/13 16:44:51
Pelo de zumbobo,Pelo,1215,2021/07/13 16:44:51
Pelo del Wey Wabbit,Pelo,1076,2021/07/13 16:44:51
Pelos de Bworka,Pelo,1121,2021/07/13 16:44:52
Pelos de Darit,Pelo,1085,2021/07/13 16:44:52
Pelos de Kerubim,Pelo,2751,2021/07/13 16:44:53
Pelos de arakna enferma,Pelo,581,2021/07/13 16:44:53
Pelos de barba de awelib...,Pelo,686,2021/07/13 16:44:54
Pelos de black pekewabbit,Pelo,254,2021/07/13 16:44:54
Pelos de la barba de bwc ..,Pelo,26,2021/07/13 16:44:55
Pelos de minilubo,Pelo,139,2021/07/13 16:44:55
Pelos de raton,Pelo,349,2021/07/13 16:44:55
Pelos de wabbit wodo,Pelo,341,2021/07/13 16:44:56
Pepita,Piedra pre...,129,2021/07/13 16:44:56
Pequeña perla dorada,Recurso,641,2021/07/13 16:44:57
Pescado empanado,Pescado,32,2021/07/13 16:44:57
Petaca de azufre,Polvo,2879,2021/07/13 16:44:58
petalo de bloponcio,Flor,89,2021/07/13 16:44:58
petalo de girasol salvaje,Flor,73,2021/07/13 16:44:58
Petalo de rosa demoniaca,Flor,82,2021/07/13 16:44:59
Petalo de rosa oscura,Flor,2106,2021/07/13 16:44:59
Petalo diafano,Flor,109,2021/07/13 16:45:00
Petalo kuracao,Flor,686,2021/07/13 16:45:00
Petalo magico de Girasol ...,Flor,1973,2021/07/13 16:45:01
Petalo malibut,Flor,251,2021/07/13 16:45:01
Petalo mohito,Flor,127,2021/07/13 16:45:01
Petalo passaoh,Flor,270,2021/07/13 16:45:02
Petunio menor,Idolo,2419,2021/07/13 16:45:02
Pez gatito,Pescado,14,2021/07/13 16:45:03
Pez iglu,Pescado,6376,2021/07/13 16:45:03
Pez tigre,Pescado,11154,2021/07/13 16:45:04
Pico de Kwoknan,Hueso,891,2021/07/13 16:45:04
Pico de kwak de hielo,Hueso,102,2021/07/13 16:45:05
Pico de kwak de llamas,Hueso,669,2021/07/13 16:45:05
Pico de kwak de tierra,Hueso,104,2021/07/13 16:45:05
Pico de kwak de viento,Hueso,104,2021/07/13 16:45:06
Pico de tofu,Hueso,269,2021/07/13 16:45:06
Piedra de Cristalobola,Piedra pre...,672,2021/07/13 16:45:07
Piedra de aire,Piedra pre ...,11882329,2021/07/13 16:45:07
Piedra de cristal,Piedra bruta,341,2021/07/13 16:45:08
Piedra de diamante,Piedra bruta,1869,2021/07/13 16:45:08
Piedra de dopeul,Piedra pre ...,158,2021/07/13 16:45:08
Piedra de esmeralda,Piedra bruta,825,2021/07/13 16:45:09
Piedra de granito,Piedra bruta,63,2021/07/13 16:45:09
Piedra de rubi,Piedra bruta,551,2021/07/13 16:45:10
Piedra de zafiro,Piedra bruta,2316,2021/07/13 16:45:10
Piedra macilladera amaril...,Piedra bruta,7370,2021/07/13 16:45:11
Piedra macilladera azul ir ...,Piedra bruta,11.179,2021/07/13 16:45:11
Piedra macilladera verde,Piedra bruta,10119,2021/07/13 16:45:12
Piel de Bworka,Piel,479,2021/07/13 16:45:12
Piel de Minilubo Albino,Piel,,2021/07/13 16:45:12
Piel de Mob Lasponja,Piel,206,2021/07/13 16:45:13
Piel de Shin Larva,Piel,413,2021/07/13 16:45:13
Piel de culebron,Piel,2240,2021/07/13 16:45:14
Piel de goblin,Piel,432,2021/07/13 16:45:14
Piel de goota,Piel,122,2021/07/13 16:45:15
Piel de larva amarilla,Piel,,2021/07/13 16:45:15
Piel de larva azul,Piel,746,2021/07/13 16:45:16
Piel de larva campestre,Piel,614,2021/07/13 16:45:16
Piel de larva dorada,Piel,3.094,2021/07/13 16:45:16
Piel de larva esmeralda,Piel,141,2021/07/13 16:45:17
Piel de larva naranja,Piel,109,2021/07/13 16:45:17
Piel de larva rubi,Piel,1452,2021/07/13 16:45:18
Piel de larva verde,Piel,37,2021/07/13 16:45:18
Piel de larva zafiro,Piel,367,2021/07/13 16:45:19
Piel de raman de alcantarillz,Piel,754,2021/07/13 16:45:19
Piel de rata,Piel,53,2021/07/13 16:45:19
Piel de raul mops,Piel,1395,2021/07/13 16:45:20
Piel pachucha,Piel,341,2021/07/13 16:45:20
Pieza del puzle de la Garra,Piedra bruta,272,2021/07/13 16:45:21
Pieza del tesoro del Badulo,Recurso,79,2021/07/13 16:45:21
Pikmi menor,Idolo,3.297,2021/07/13 16:45:22
Pincho de prespic,Hueso,246,2021/07/13 16:45:22
Pintura negra,Recurso,30244,2021/07/13 16:45:22
Pinza de cangrejo,Hueso,971,2021/07/13 16:45:23
Pinza de crustoral,Hueso,86,2021/07/13 16:45:23
Pischis Dicumpeticion,Pescado,18,2021/07/13 16:45:24
Pluma de Batofu,Pluma,249,2021/07/13 16:45:24
Pluma de Kwoknan,Pluma,1451,2021/07/13 16:45:25
Pluma de bebedor,Pluma,798,2021/07/13 16:45:25
Pluma de kwak de hielo,Pluma,167,2021/07/13 16:45:25
Pluma de kwak de llamas,Pluma,250,2021/07/13 16:45:26
Pluma de kwak de tierra,Pluma,349,2021/07/13 16:45:26
Pluma de kwak de viento,Pluma,742,2021/07/13 16:45:27
Pluma de pio amarillo,Pluma,53,2021/07/13 16:45:27
Pluma de pio azul,Pluma,50,2021/07/13 16:45:28
Pluma de pio rojo,Pluma,69,2021/07/13 16:45:28
Pluma de pio rosa,Pluma,48,2021/07/13 16:45:29
Pluma de pio verde,Pluma,194,2021/07/13 16:45:29
Pluma de pio violeta,Pluma,83,2021/07/13 16:45:30
Pluma de tofu,Pluma,205,2021/07/13 16:45:30
Pluma de tofu malefico,Pluma,1598,2021/07/13 16:45:30
Pluma del ultimo pohoyo,Pluma,789,2021/07/13 16:45:31
Pluma grasienta de tofu  ....,Pluma,85,2021/07/13 16:45:31
Pluma quimerica,Pluma,949,2021/07/13 16:45:32
Plumon de tofona,Pelo,783,2021/07/13 16:45:32
Pocima de firma,Preparacion,786,2021/07/13 16:45:33
Pocima mineral,Preparacion,3731,2021/07/13 16:45:33
Polen de blopiseta,Recurso,107,2021/07/13 16:45:34
Polvo temporal,Polvo,47,2021/07/13 16:45:34
Polvora de artificio,Polvo,149,2021/07/13 16:45:34
Polvos jovenes,Polvo,679,2021/07/13 16:45:35
Polvos magicos,Polvo,7,2021/07/13 16:45:35
Pomo de espada,,1180,2021/07/13 16:45:36
Pompon marronuzco,Cola,582,2021/07/13 16:45:36
Proximo.,Idolo,4296,2021/07/13 16:45:37
Punta de flecha de chafe ..,,373,2021/07/13 16:45:37
Raiz de abraknido,Raiz,200,2021/07/13 16:45:37
Raiz de tronkoblop,Raiz,104,2021/07/13 16:45:38
Rama de pekewabbit har.,Madera,OL,2021/07/13 16:45:38
Raraton,Recurso,2.860,2021/07/13 16:45:39
Raton verde,Recurso,424,2021/07/13 16:45:39
Reflejo onirico,Recursos t...,34,2021/07/13 16:45:40
Reliquia de Incamam,Recurso,19,2021/07/13 16:45:40
Reliquia de familia,Recurso,1599,2021/07/13 16:45:40
Reliquia del Coralador Me ...,Recurso,92,2021/07/13 16:45:41
Resina,Liquido,118,2021/07/13 16:45:41
Rodaja de madera,Madera,57,2021/07/13 16:45:42
Rodaja de milirrata strubi ...,Recurso,97,2021/07/13 16:45:42
Rodaja de nozdekoko,Recurso,396,2021/07/13 16:45:43
Rosa del desierto,Piedra pre ...,138,2021/07/13 16:45:43
Rosa demoniaca cortada,Flor,435,2021/07/13 16:45:44
Rubi,Piedra pre ...,8583,2021/07/13 16:45:44
Saco de patatas claro,Recurso,82,2021/07/13 16:45:44
Saco de patatas oscuro,Recurso,35,2021/07/13 16:45:45
Sak menor,Idolo,9632,2021/07/13 16:45:45
Salvia,Planta,37,2021/07/13 16:45:46
Salvia adivinorum,Planta,8683,2021/07/13 16:45:46
Sangre de jalato,Liquido,471,2021/07/13 16:45:47
Sangre de scorbuto,Liquido,28,2021/07/13 16:45:47
Sangre de vampiro,Liquido,30,2021/07/13 16:45:47
Savia de castaño,Savia,17658,2021/07/13 16:45:48
Savia de fresno,Savia,23858,2021/07/13 16:45:48
Savia de nogal,Savia,18985,2021/07/13 16:45:49
Savia de roble,Savia,13785,2021/07/13 16:45:49
Sello real falso,Recurso,327,2021/07/13 16:45:50
Semilla de adormidera,Semilla,26,2021/07/13 16:45:50
Semilla de girasol,Semilla,186,2021/07/13 16:45:51
Semilla de la discordia,Semilla,516,2021/07/13 16:45:51
Semilla de lino,Semilla,276,2021/07/13 16:45:51
Semillas de cañamo,Semilla,250,2021/07/13 16:45:52
Semillas de sesamo,Semilla,15,2021/07/13 16:45:52
Sesos de jalato negro,Recurso,856,2021/07/13 16:45:53
Sudor de dragopavo,Liquido,,2021/07/13 16:45:53
Sudor frio de fantasma,Liquido,77,2021/07/13 16:45:54
Tabla de aglomerado,Tabla,37,2021/07/13 16:45:54
Tabla de arce,Tabla,1386,2021/07/13 16:45:54
Tabla de bambu,Tabla,1904,2021/07/13 16:45:55
Tabla de castaño,Tabla,586,2021/07/13 16:45:55
Tabla de cerezo silvestre,Tabla,2359,2021/07/13 16:45:56
Tabla de contrachapado,Tabla,71,2021/07/13 16:45:56
Tabla de fresno,Tabla,148,2021/07/13 16:45:57
Tabla de nogal,Tabla,291,2021/07/13 16:45:57
Tabla de olivioleta,Tabla,292,2021/07/13 16:45:57
Tabla de roble,Tabla,735,2021/07/13 16:45:58
Tabla de surf,Tabla,748,2021/07/13 16:45:58
Tabla de tejo,Tabla,2137,2021/07/13 16:45:59
Tabla de tostar,Tabla,504,2021/07/13 16:45:59
Tarro,Recurso,2421,2021/07/13 16:46:00
Tatuaje de chico malo,Recurso,1774,2021/07/13 16:46:00
Tejido coralino,Tejido,849,2021/07/13 16:46:00
Tejido de ardilloxido,Tejido,728,2021/07/13 16:46:01
Tejido de jabali,Tejido,128,2021/07/13 16:46:01
Tejido de stropajo,Tejido,79,2021/07/13 16:46:02
Tejido de wabbit,Tejido,,2021/07/13 16:46:02
Tejido invisible,Tejido,203,2021/07/13 16:46:03
Tejido misterioso,Tejido,28396,2021/07/13 16:46:03
Tejido oscuro,Tejido,520,2021/07/13 16:46:03
Tejido remendon,Tejido,57755,2021/07/13 16:46:04
Teletab menor,Idolo,13248,2021/07/13 16:46:04
Tendon de wabbinomano,Recurso,OL,2021/07/13 16:46:05
Tinte magico azulado,Tinte,15352,2021/07/13 16:46:05
Tinte magico naranja,Tinte,8455,2021/07/13 16:46:06
Tinte magico oscuro,Tinte,16627,2021/07/13 16:46:06
Tinte magico rojizo,Tinte,371,2021/07/13 16:46:06
Tinte magico verdoso,Tinte,2087,2021/07/13 16:46:07
Toalla de playa,Tejido,35,2021/07/13 16:46:07
Trebol de 5 hojas,Planta,16,2021/07/13 16:46:08
Trespeo menor,Idolo,7142,2021/07/13 16:46:08
Tridente roto,,82,2021/07/13 16:46:09
Trifolium ladecristum,Planta,9023,2021/07/13 16:46:09
,Cereal,23,2021/07/13 16:46:09
Trigo de oro,Cereal,5623,2021/07/13 16:46:10
Tronco de kokoko,Madera,152,2021/07/13 16:46:10
Trucha,Pescado,,2021/07/13 16:46:11
Trucha ancestral,Pescado,12840,2021/07/13 16:46:11
Tubo largo,,,2021/07/13 16:46:12
Turmalina,Piedra pre...,29003,2021/07/13 16:46:12
Ugah,Idolo,27811,2021/07/13 16:46:12
Uña de cabalgador de kame,Hueso,90,2021/07/13 16:46:13
Vela de minero oscuro.,Recurso,93,2021/07/13 16:46:13
Veneno de culebron,Liquido,207,2021/07/13 16:46:14
visceras de Escarajefe Dc ...,Recurso,3.690,2021/07/13 16:46:14
visceras de escarahoja,Recurso,455,2021/07/13 16:46:15
Volva de amenita,Hongo,37,2021/07/13 16:46:15
Yema de huevo de casce ...,Huevo,4201,2021/07/13 16:46:15
Yochi,Idolo,56074,2021/07/13 16:46:16
Yochi menor,Idolo,30090,2021/07/13 16:46:16
Zafiro,Piedra pre ...,29198,2021/07/13 16:46:17
Zanahowia,Legumbre,1903,2021/07/13 16:46:17
Zumo de stropajo,Liquido,3831,2021/07/13 16:46:18
